{
  "physics_step_sync": {
    "ms": 5.02930873335572
  },
  "raster_render_frame": {
    "ms": 3.6448294666721877
  },
  "raytrace_1spp": {
    "ms": 3.9913764667289797,
    "spp_per_s": 250.54013529811732
  },
  "raytrace_4spp": {
    "ms": 10.420416199970836,
    "spp_per_s": 383.86182694038604
  },
  "raytrace_16spp": {
    "ms": 33.47264453332173,
    "spp_per_s": 478.00226791379265
  },
  "raytrace_64spp": {
    "ms": 122.43496736664383,
    "spp_per_s": 522.7264839165233
  },
  "snap_rgb_readback": {
    "ms": 3.5274503000740274,
    "shape": [
      368,
      480,
      3
    ]
  }
}
